CREATE DATABASE Equality_sal; -- creating Equality_sal database based on Brightstart ERD model
use equality_sal;

-- Creating tables 
CREATE TABLE Education (
    EducationLevel VARCHAR(50),
    EducationID INT ,
    Industry VARCHAR(50)
);

CREATE TABLE Employee (
    EmployeeID INT,
    Name VARCHAR(100),
    Gender VARCHAR(10),
    Age INT,
    EducationLevel VARCHAR(50),
    Industry VARCHAR(50),
    JobRole VARCHAR(50)
        );
        
CREATE TABLE Performance (
    EmployeeID INT,
    Year INT,
    PerformanceRating INT,
    PerformanceReviewComments TEXT
    );

CREATE TABLE Salaries (
    SalaryID INT PRIMARY KEY,
    EmployeeID INT,
    BaseSalary DECIMAL(10, 2),
    Bonus DECIMAL(10, 2),
    TotalCompensation DECIMAL(10, 2),
    Year INT
      );
      
-- populating the tables
-- Sample data for Education table
INSERT INTO Education (EducationID, EducationLevel, Industry) VALUES
(1, 'Bachelor''s', 'Finance'),
(2, 'High School', 'Technology'),
(3, 'PhD', 'Manufacturing'),
(4, 'Master''s', 'Retail'),
(5, 'Bachelor''s', 'Education'),
(6, 'High School', 'Healthcare'),
(7, 'Master''s', 'Construction'),
(8, 'PhD', 'Research'),
(9, 'High School', 'Finance'),
(10, 'Bachelor''s', 'Retail'),
(11, 'PhD', 'Education'),
(12, 'High School', 'Research'),
(13, 'Master''s', 'Manufacturing'),
(14, 'Bachelor''s', 'Technology'),
(15, 'PhD', 'Finance'),
(16, 'High School', 'Construction'),
(17, 'Bachelor''s', 'Healthcare'),
(18, 'Master''s', 'Technology'),
(19, 'PhD', 'Retail'),
(20, 'High School', 'Manufacturing'),
(21, 'Bachelor''s', 'Research'),
(22, 'PhD', 'Technology'),
(23, 'Master''s', 'Finance'),
(24, 'High School', 'Retail'),
(25, 'Bachelor''s', 'Construction'),
(26, 'PhD', 'Healthcare'),
(27, 'High School', 'Education'),
(28, 'Master''s', 'Research'),
(29, 'Bachelor''s', 'Manufacturing'),
(30, 'PhD', 'Construction'),
(31, 'High School', 'Technology'),
(32, 'Bachelor''s', 'Retail'),
(33, 'Master''s', 'Healthcare'),
(34, 'PhD', 'Manufacturing'),
(35, 'High School', 'Research'),
(36, 'Bachelor''s', 'Finance'),
(37, 'PhD', 'Education'),
(38, 'Master''s', 'Construction'),
(39, 'High School', 'Retail'),
(40, 'Bachelor''s', 'Technology'),
(41, 'PhD', 'Healthcare'),
(42, 'High School', 'Manufacturing'),
(43, 'Master''s', 'Retail'),
(44, 'PhD', 'Technology'),
(45, 'Bachelor''s', 'Education'),
(46, 'High School', 'Finance'),
(47, 'PhD', 'Construction'),
(48, 'Master''s', 'Manufacturing'),
(49, 'Bachelor''s', 'Healthcare'),
(50, 'High School', 'Research'),
(51, 'PhD', 'Retail'),
(52, 'Master''s', 'Technology'),
(53, 'High School', 'Education'),
(54, 'Bachelor''s', 'Manufacturing'),
(55, 'PhD', 'Finance'),
(56, 'High School', 'Construction'),
(57, 'Master''s', 'Retail'),
(58, 'PhD', 'Healthcare'),
(59, 'High School', 'Technology'),
(60, 'Bachelor''s', 'Research'),
(61, 'PhD', 'Manufacturing'),
(62, 'High School', 'Finance'),
(63, 'Bachelor''s', 'Retail'),
(64, 'PhD', 'Technology'),
(65, 'High School', 'Construction'),
(66, 'Master''s', 'Education'),
(67, 'Bachelor''s', 'Healthcare'),
(68, 'High School', 'Manufacturing'),
(69, 'PhD', 'Research'),
(70, 'Bachelor''s', 'Technology'),
(71, 'High School', 'Retail'),
(72, 'PhD', 'Finance'),
(73, 'Master''s', 'Construction'),
(74, 'High School', 'Education'),
(75, 'Bachelor''s', 'Research'),
(76, 'PhD', 'Manufacturing'),
(77, 'Master''s', 'Technology');


-- Sample data for Employee table
INSERT INTO Employee (EmployeeID, Name, Gender, Age, EducationLevel, Industry, JobRole) VALUES
(1, 'Alice Smith', 'Female', 29, 'Bachelor''s', 'Technology', 'Software Engineer'),
(2, 'Bob Johnson', 'Male', 35, 'Master''s', 'Healthcare', 'Nurse'),
(3, 'Carol Williams', 'Female', 42, 'PhD', 'Finance', 'Accountant'),
(4, 'David Brown', 'Male', 31, 'Bachelor''s', 'Technology', 'Data Analyst'),
(5, 'Eve Davis', 'Female', 27, 'Master''s', 'Education', 'Teacher'),
(6, 'Frank Miller', 'Male', 45, 'High School', 'Manufacturing', 'Machine Operator'),
(7, 'Grace Wilson', 'Female', 33, 'Bachelor''s', 'Finance', 'Financial Analyst'),
(8, 'Henry Moore', 'Male', 50, 'Master''s', 'Healthcare', 'Doctor'),
(9, 'Irene Taylor', 'Female', 28, 'Bachelor''s', 'Technology', 'Software Engineer'),
(10, 'Jack Anderson', 'Male', 40, 'PhD', 'Research', 'Scientist'),
(11, 'Kim Turner', 'Female', 32, 'Master''s', 'Finance', 'Financial Consultant'),
(12, 'Liam White', 'Male', 36, 'Bachelor''s', 'Technology', 'Web Developer'),
(13, 'Megan Harris', 'Female', 29, 'Bachelor''s', 'Education', 'Teaching Assistant'),
(14, 'Noah Lewis', 'Male', 41, 'PhD', 'Healthcare', 'Research Scientist'),
(15, 'Olivia Clark', 'Female', 37, 'Master''s', 'Technology', 'Project Manager'),
(16, 'Paul King', 'Male', 39, 'Bachelor''s', 'Manufacturing', 'Quality Controller'),
(17, 'Quinn Scott', 'Female', 30, 'Bachelor''s', 'Technology', 'UX Designer'),
(18, 'Ryan Wright', 'Male', 28, 'Bachelor''s', 'Technology', 'Data Scientist'),
(19, 'Sophia Hall', 'Female', 34, 'Master''s', 'Finance', 'Financial Analyst'),
(20, 'Thomas Adams', 'Male', 47, 'High School', 'Manufacturing', 'Production Supervisor'),
(21, 'Uma Parker', 'Female', 31, 'Bachelor''s', 'Healthcare', 'Lab Technician'),
(22, 'Victor Green', 'Male', 43, 'PhD', 'Research', 'Lead Scientist'),
(23, 'Wendy Baker', 'Female', 26, 'Bachelor''s', 'Education', 'Early Childhood Educator'),
(24, 'Xavier Rivera', 'Male', 35, 'Bachelor''s', 'Finance', 'Auditor'),
(25, 'Yvonne Ross', 'Female', 38, 'Master''s', 'Technology', 'IT Consultant'),
(26, 'Zack Lee', 'Male', 29, 'Bachelor''s', 'Technology', 'Software Engineer'),
(27, 'Anna Collins', 'Female', 32, 'Bachelor''s', 'Finance', 'Investment Analyst'),
(28, 'Brian Reed', 'Male', 37, 'Master''s', 'Healthcare', 'Nurse Practitioner'),
(29, 'Chloe Walker', 'Female', 41, 'PhD', 'Research', 'Scientist'),
(30, 'Daniel Young', 'Male', 28, 'Bachelor''s', 'Education', 'Teacher'),
(31, 'Emma Phillips', 'Female', 36, 'Master''s', 'Technology', 'Systems Analyst'),
(32, 'Finn Morris', 'Male', 45, 'High School', 'Manufacturing', 'Maintenance Worker'),
(33, 'Gina Perry', 'Female', 33, 'Bachelor''s', 'Technology', 'Web Developer'),
(34, 'Harry Carter', 'Male', 30, 'Master''s', 'Finance', 'Accountant'),
(35, 'Isla Foster', 'Female', 29, 'Bachelor''s', 'Education', 'Elementary School Teacher'),
(36, 'Jack Hughes', 'Male', 39, 'Bachelor''s', 'Manufacturing', 'Production Manager'),
(37, 'Kate Howard', 'Female', 32, 'Bachelor''s', 'Healthcare', 'Medical Technician'),
(38, 'Luke Bennett', 'Male', 35, 'Master''s', 'Technology', 'Network Engineer'),
(39, 'Mia Ward', 'Female', 28, 'Bachelor''s', 'Finance', 'Financial Planner'),
(40, 'Nathan Bell', 'Male', 44, 'High School', 'Manufacturing', 'Assembly Line Worker'),
(41, 'Olivia Cooper', 'Female', 31, 'Bachelor''s', 'Technology', 'Software Engineer'),
(42, 'Peter Mitchell', 'Male', 42, 'PhD', 'Research', 'Research Director'),
(43, 'Quinn Foster', 'Female', 30, 'Master''s', 'Healthcare', 'Physical Therapist'),
(44, 'Ryan Scott', 'Male', 33, 'Bachelor''s', 'Technology', 'Database Administrator'),
(45, 'Sarah Murphy', 'Female', 29, 'Bachelor''s', 'Education', 'High School Teacher'),
(46, 'Tom Martinez', 'Male', 38, 'Master''s', 'Finance', 'Financial Advisor'),
(47, 'Ursula Parker', 'Female', 30, 'Bachelor''s', 'Healthcare', 'Nurse'),
(48, 'Victor Reed', 'Male', 40, 'PhD', 'Research', 'Scientist'),
(49, 'Wendy Ross', 'Female', 35, 'Bachelor''s', 'Finance', 'Investment Banker'),
(50, 'Xavier Lee', 'Male', 31, 'Bachelor''s', 'Technology', 'IT Support Specialist'),
(51, 'Zoe Lewis', 'Female', 28, 'Bachelor''s', 'Technology', 'Software Developer'),
(52, 'Adam Moore', 'Male', 33, 'Bachelor''s', 'Healthcare', 'Radiologist'),
(53, 'Brooke Turner', 'Female', 36, 'Master''s', 'Education', 'Curriculum Developer'),
(54, 'Connor Young', 'Male', 42, 'PhD', 'Research', 'Senior Scientist'),
(55, 'Diana Wright', 'Female', 29, 'Bachelor''s', 'Technology', 'Mobile App Developer'),
(56, 'Evan Baker', 'Male', 37, 'Bachelor''s', 'Technology', 'Systems Engineer'),
(57, 'Faith Green', 'Female', 34, 'Bachelor''s', 'Finance', 'Accountant'),
(58, 'George Campbell', 'Male', 41, 'PhD', 'Healthcare', 'Surgeon'),
(59, 'Hannah Parker', 'Female', 31, 'Master''s', 'Technology', 'Data Scientist'),
(60, 'Ian Roberts', 'Male', 36, 'Bachelor''s', 'Education', 'Teacher'),
(61, 'Julia Evans', 'Female', 30, 'Bachelor''s', 'Technology', 'Software Tester'),
(62, 'Kevin Moore', 'Male', 40, 'Master''s', 'Finance', 'Financial Consultant'),
(63, 'Laura White', 'Female', 28, 'Bachelor''s', 'Healthcare', 'Registered Nurse'),
(64, 'Matt Thompson', 'Male', 35, 'Bachelor''s', 'Technology', 'Web Developer'),
(65, 'Nora Harris', 'Female', 29, 'Bachelor''s', 'Education', 'Elementary School Teacher'),
(66, 'Owen Lee', 'Male', 38, 'Master''s', 'Finance', 'Financial Planner'),
(67, 'Paige Martinez', 'Female', 30, 'Bachelor''s', 'Healthcare', 'Medical Technician'),
(68, 'Robert Walker', 'Male', 33, 'Bachelor''s', 'Technology', 'Database Administrator'),
(69, 'Sam Hughes', 'Male', 36, 'Bachelor''s', 'Education', 'High School Teacher'),
(70, 'Tara Collins', 'Female', 31, 'Bachelor''s', 'Technology', 'UX Designer'),
(71, 'Uma Carter', 'Female', 28, 'Bachelor''s', 'Technology', 'Software Engineer'),
(72, 'Vince Allen', 'Male', 39, 'Bachelor''s', 'Manufacturing', 'Production Supervisor'),
(73, 'Wendy Foster', 'Female', 32, 'Master''s', 'Finance', 'Investment Analyst'),
(74, 'Xavier Phillips', 'Male', 41, 'PhD', 'Research', 'Lead Scientist'),
(75, 'Zoe Rogers', 'Female', 30, 'Bachelor''s', 'Education', 'Curriculum Developer'),
(76, 'Aaron Stewart', 'Male', 36, 'Bachelor''s', 'Technology', 'Software Developer'),
(77, 'Brooke Taylor', 'Female', 33, 'Master''s', 'Healthcare', 'Physical Therapist');

-- Sample for performance table
INSERT INTO Performance (EmployeeID, Year, PerformanceRating, PerformanceReviewComments) 
VALUES
(1, 2020, 4.2, 'Exceeded expectations in project delivery.'),
(2, 2020, 3.8, 'Demonstrated strong patient care skills.'),
(3, 2020, 4.5, 'Consistently accurate and reliable.'),
(4, 2020, 4, 'Efficient in data processing and analysis.'),
(5, 2020, 3.7, 'Engages students with innovative methods.'),
(6, 2020, 3.6, 'Maintains quality in production processes.'),
(7, 2020, 4.3, 'Strong analytical skills in finance.'),
(8, 2020, 4.8, 'Exceptional in patient diagnosis and care.'),
(9, 2020, 4.1, 'Delivered projects on time and within scope.'),
(10, 2020, 4.7, 'Leading scientific research with impact.'),
(11, 2020, 4, 'Strong client relationships and results.'),
(12, 2020, 4.3, 'Developed efficient and user-friendly websites.'),
(13, 2020, 3.9, 'Effectively supported classroom learning.'),
(14, 2020, 4.6, 'Significant contributions to research.'),
(15, 2020, 4.1, 'Successfully managed multiple projects.'),
(16, 2020, 3.7, 'Ensures product quality and safety.'),
(17, 2020, 4.2, 'Improved user experience in projects.'),
(18, 2020, 4.5, 'Highly skilled in data analysis.'),
(19, 2020, 4, 'Reliable in financial reporting.'),
(20, 2020, 3.6, 'Strong supervisory skills on the production floor.'),
(21, 2020, 3.9, 'Accurate and efficient lab work.'),
(22, 2020, 4.7, 'Led the team to significant research achievements.'),
(23, 2020, 3.8, 'Engages with young learners effectively.'),
(24, 2020, 4.2, 'Precise and thorough in financial auditing.'),
(25, 2020, 4.4, 'Provided strategic IT solutions.'),
(26, 2020, 4.3, 'Delivered high-quality software products.'),
(27, 2020, 4, 'Demonstrates insight in investment strategies.'),
(28, 2020, 4.5, 'Provides excellent patient care.'),
(29, 2020, 4.6, 'Contributed to groundbreaking research.'),
(30, 2020, 3.9, 'Engages students with interactive teaching methods.'),
(31, 2020, 4.2, 'Effectively managed system implementations.'),
(32, 2020, 3.7, 'Maintains facility equipment efficiently.'),
(33, 2020, 4.3, 'Delivered efficient web development projects.'),
(34, 2020, 4, 'Accurate and timely financial reporting.'),
(35, 2020, 3.9, 'Engages young students effectively.'),
(36, 2020, 3.7, 'Manages production schedules effectively.'),
(37, 2020, 4.1, 'Highly skilled in medical technology.'),
(38, 2020, 4.3, 'Successfully managed network infrastructure.'),
(39, 2020, 4.2, 'Delivers sound financial planning advice.'),
(40, 2020, 3.5, 'Consistently meets production targets.'),
(41, 2020, 4.3, 'Delivered robust software engineering solutions.'),
(42, 2020, 4.7, 'Leads innovative research projects.'),
(43, 2020, 4.2, 'Provides excellent physical therapy services.'),
(44, 2020, 4.1, 'Managed database systems efficiently.'),
(45, 2020, 3.8, 'Engages students with relevant content.'),
(46, 2020, 4.4, 'Delivers comprehensive financial advice.'),
(47, 2020, 3.9, 'Provides compassionate patient care.'),
(48, 2020, 4.6, 'Contributed to innovative scientific research.'),
(49, 2020, 4.1, 'Effectively managed investment portfolios.'),
(50, 2020, 4.2, 'Delivered critical IT support services.'),
(51, 2020, 4.1, 'Developed robust software applications.'),
(52, 2020, 3.8, 'Demonstrated high accuracy in radiology.'),
(53, 2020, 4.3, 'Developed engaging educational curricula.'),
(54, 2020, 4.6, 'Led research initiatives with significant impact.'),
(55, 2020, 4.2, 'Delivered high-quality mobile applications.'),
(56, 2020, 4, 'Efficiently managed systems engineering projects.'),
(57, 2020, 4.2, 'Demonstrated strong financial analysis skills.'),
(58, 2020, 4.8, 'Exceptional performance in surgical procedures.'),
(59, 2020, 4.3, 'Delivered insightful data science projects.'),
(60, 2020, 3.9, 'Effectively engaged students in learning.'),
(61, 2020, 4.1, 'Demonstrated thoroughness in software testing.'),
(62, 2020, 4, 'Provided strategic financial consulting services.'),
(63, 2020, 3.7, 'Delivered compassionate patient care.'),
(64, 2020, 4.3, 'Developed efficient web development projects.'),
(65, 2020, 3.9, 'Engaged young students with creative methods.'),
(66, 2020, 4.2, 'Delivered sound financial planning advice.'),
(67, 2020, 4.1, 'Efficiently managed medical technology.'),
(68, 2020, 4, 'Managed database systems with high efficiency.'),
(69, 2020, 3.8, 'Engaged high school students effectively.'),
(70, 2020, 4.1, 'Delivered user-centered UX designs.'),
(71, 2020, 4.3, 'Developed high-quality software engineering solutions.'),
(72, 2020, 3.6, 'Maintained production efficiency.'),
(73, 2020, 4.2, 'Provided insightful investment analysis.'),
(74, 2020, 4.7, 'Led innovative scientific research projects.'),
(75, 2020, 4, 'Developed effective educational curricula.'),
(76, 2020, 4.3, 'Delivered robust software solutions.'),
(77, 2020, 4.2, 'Provided excellent physical therapy.');

-- Sample for Salaries table
INSERT INTO Salaries (SalaryID, EmployeeID, BaseSalary, Bonus, TotalCompensation, Year) VALUES
(1, 1, 70000, 5000, 75000, 2022),
(2, 2, 65000, 4000, 69000, 2022),
(3, 3, 90000, 7000, 97000, 2022),
(4, 4, 72000, 6000, 78000, 2022),
(5, 5, 55000, 3000, 58000, 2022),
(6, 6, 50000, 2500, 52500, 2022),
(7, 7, 85000, 6500, 91500, 2022),
(8, 8, 95000, 8000, 103000, 2022),
(9, 9, 80000, 5500, 85500, 2022),
(10, 10, 110000, 9000, 119000, 2022),
(11, 11, 82000, 6000, 88000, 2022),
(12, 12, 75000, 5000, 80000, 2022),
(13, 13, 62000, 4000, 66000, 2022),
(14, 14, 90000, 7500, 97500, 2022),
(15, 15, 81000, 5500, 86500, 2022),
(16, 16, 53000, 3000, 56000, 2022),
(17, 17, 79000, 5000, 84000, 2022),
(18, 18, 85000, 6000, 91000, 2022),
(19, 19, 80000, 5500, 85500, 2022),
(20, 20, 52000, 2500, 54500, 2022),
(21, 21, 70000, 4500, 74500, 2022),
(22, 22, 105000, 9000, 114000, 2022),
(23, 23, 65000, 4000, 69000, 2022),
(24, 24, 82000, 6500, 88500, 2022),
(25, 25, 87000, 7000, 94000, 2022),
(26, 26, 84000, 6000, 90000, 2022),
(27, 27, 80000, 6000, 86000, 2022),
(28, 28, 78000, 5500, 83500, 2022),
(29, 29, 94000, 8000, 102000, 2022),
(30, 30, 69000, 4500, 73500, 2022),
(31, 31, 79000, 5500, 84500, 2022),
(32, 32, 54000, 3000, 57000, 2022),
(33, 33, 75000, 5000, 80000, 2022),
(34, 34, 72000, 4500, 76500, 2022),
(35, 35, 60000, 3500, 63500, 2022),
(36, 36, 56000, 3000, 59000, 2022),
(37, 37, 70000, 4500, 74500, 2022),
(38, 38, 85000, 6500, 91500, 2022),
(39, 39, 87000, 7000, 94000, 2022),
(40, 40, 55000, 2500, 57500, 2022),
(41, 41, 88000, 7500, 95500, 2022),
(42, 42, 108000, 9500, 117500, 2022),
(43, 43, 65000, 4000, 69000, 2022),
(44, 44, 72000, 5000, 77000, 2022),
(45, 45, 67000, 4500, 71500, 2022),
(46, 46, 93000, 8000, 101000, 2022),
(47, 47, 71000, 4500, 75500, 2022),
(48, 48, 100000, 8500, 108500, 2022),
(49, 49, 83000, 6000, 89000, 2022),
(50, 50, 76000, 5000, 81000, 2022),
(51, 51, 84000, 6500, 90500, 2022),
(52, 52, 75000, 5500, 80500, 2022),
(53, 53, 70000, 4500, 74500, 2022),
(54, 54, 98000, 8000, 106000, 2022),
(55, 55, 79000, 6000, 85000, 2022),
(56, 56, 78000, 5500, 83500, 2022),
(57, 57, 85000, 6500, 91500, 2022),
(58, 58, 115000, 10000, 125000, 2022),
(59, 59, 86000, 6500, 92500, 2022),
(60, 60, 62000, 3500, 65500, 2022),
(61, 61, 78000, 5500, 83500, 2022),
(62, 62, 82000, 6000, 88000, 2022),
(63, 63, 69000, 4000, 73000, 2022),
(64, 64, 80000, 5500, 85500, 2022),
(65, 65, 67000, 4000, 71000, 2022),
(66, 66, 78000, 5500, 83500, 2022),
(67, 67, 70000, 4500, 74500, 2022),
(68, 68, 72000, 5000, 77000, 2022),
(69, 69, 65000, 4000, 69000, 2022),
(70, 70, 75000, 5500, 80500, 2022),
(71, 71, 79000, 5500, 84500, 2022),
(72, 72, 55000, 3000, 58000, 2022),
(73, 73, 82000, 6000, 88000, 2022),
(74, 74, 92000, 7500, 99500, 2022),
(75, 75, 70000, 4500, 74500, 2022),
(76, 76, 78000, 5500, 83500, 2022),
(77, 77, 65000, 4000, 69000, 2022);


-- Retrieve Average Salary by Gender and Industry:
SELECT Industry, Gender, AVG(TotalCompensation) AS AvgSalary
FROM employee e
JOIN Salaries s ON e.EmployeeID = s.EmployeeID
GROUP BY Industry, Gender;

-- Identify Gender Wage Gap by Job Role:
SELECT JobRole, Gender, AVG(TotalCompensation) AS AvgSalary
FROM Employee e
JOIN Salaries s ON e.EmployeeID = s.EmployeeID
GROUP BY JobRole, Gender;

-- Analyze Performance Scores by Gender:
SELECT Gender, AVG(PerformanceRating) AS AvgPerformance
FROM Employee e
JOIN Performance p ON e.EmployeeID = p.EmployeeID
GROUP BY Gender;









